,Draft_id
0,d6ea8123e79b4b4584f0fdc42484bfae
1,a93449134acc43a6b35e78014593be64
2,a0214354ff2e48bdbfedbebf5cdd5821
3,60dacd72eaea4b2f83b2caf7a3e070a6
4,03026cfbd7704086ae9901cae55a4b24
5,792e1c034572468cac999ad3d3b9cf62
6,9d092d9713af48ff885962f8cb5abb1a
7,d2e45fe5940b4462a19f184d330bf11b
8,272404a51ead4708ad952d39346e0edb
9,a88251ab0d9f43a29266f511265c152c
10,a0964e2f44bb425780b2f823dcd73b02
11,378964ce483f4721b890180802fbc052
12,2c534a755bba45fdba1bd3c2593d8baa
13,facbf3e055d1453ea976055bb758e9bd
14,e0982b7078694d4583949261d07cb74a
15,b89fcf38eeb7465294e5d33c60bb65da
16,b697fa9729da49bf8d8ab875b6e19ba3
17,b80a2be4776a4a72ba1e3eeef7c8cd62
18,57803abd2dda4a838a56791be73442d9
19,5cec0d92d45145c88a53cbf2e99571b4
20,7b0550294cf24be9bfcce92728186549
21,e5a9b9704ff9457182571fa0adb539f7
22,a3921eb88c1143d5b1eac21a178cafab
23,89421b0eb49d4541ade402204751003e
24,28b3d3749aec478992f97630d754694f
25,2eb6bff1153a4c608e96b4c0c934dcd2
26,9044963a5b1541c6a51133b1615f5247
27,9b3d13b46fdb47ca91467c07f4b66298
28,f2c4b3070dac4a469eda0a6a64aa01ec
29,a6c4b68d27704d4d93d6a73a68c08bb5
30,2bac95cab7c741eb9dabd0888089dd2f
31,e9c52ae05edb40e09e1866ba06509c7b
32,6d93b380205c417da658f5dbe4aeef92
33,3785203195114bcc8b0303525b5f9932
34,e9eb348461cc42dda234b0e068fe8595
35,ad57e47cc6a44b22a594b8277dcd6868
36,5eab5c98c1974614a1e9ce6c4819b6b2
37,1364a05642494a51add7868f7dfee238
38,b9066e8d656641e4a012759e910f97f4
39,9415c33f1d054758905a78fb2158003c
40,efd8642a59224118a3dd22217adf1cf5
41,9d07a763a74d4a93a210a725c91c2a1f
42,88e9334e58024e44ab491720a31b6735
43,9dd51642163348dc872715ba2453c329
44,c03054beb4bb4688b6a990c8a172d22c
45,0db042f9fa0d45cb952747da6edff673
46,d4d9a73eff9f4236ae44e35c39e053ab
47,b75804cef86b43c892efc7d768cba336
48,1f87b86594ee4f20a2d54f39f07643f7
49,69c95636d6264b4ca8e08cff9610b863
50,70c9ffb8d4ba4a82b5fb1bb9b8cc7b31
51,affde04757304e9fb598d37f37a64c53
52,96f7d706f43842eba0e54fc6be34e994
53,f385c34614b3432c91239baa58341bfc
54,19c0714fdf1c436b8832b32b8cd81a71
55,42a9ce5cc85f4c0d9ea206feee2c1c4b
56,e9eb348461cc42dda234b0e068fe8595
57,2dec22d27ed347aeb89829056d330266
58,437a0c61b5f748c8898ee3f45258d001
59,dddcf248de1243e19b24c32025d86633
60,dcba96b7cd0a49a58fc798b2abb1521b
61,87b80b347c5c484abb99127722220049
62,b4c1691dcd6e451e801b22b9ff132cbc
63,5bbd19495af04174af9c68b413fe0846
64,e97de0697dd34b6d8a0fc44df671eaa3
65,4cbfbe9999254e1494d54db7d2842c51
66,c51edbd8fd6c44e3affd6dd9a1b12cc3
67,0cd01433b8d9450788a444f691611b6f
68,6bda413113084548b86a1ede26d97c22
69,6f82f52654b941fbab8629834854ca9a
70,affde04757304e9fb598d37f37a64c53
71,1c1051d62cf74d1f8e5006b979895517
72,596a3efd94b84af3b22ce0a6d838bb6f
73,a2f3303a3646440ba809178375e3a44c
74,788010a4b3414fa8a6ce347b70e4a5bb
75,c72aa1c62f7447dda5caf1805be0b1b0
76,39a51f5d3b544a759ecf6d08781eca38
77,473b322eeb0347319edd5618dade0b45
78,c98e465a570d49359e41cabdae310cb8
79,4b3eaf53e7f44cd3bc51c066490785ac
80,6208590345914310bf2608fc3a029029
81,6b97580b72dd40d4a4aca773412d25a3
82,13ec3bd069b44b98956d29cb50f064ae
83,1ca0f31558c24ef3bde3f591de1f099c
84,700bc224f74345ff9725b59ca08e80b5
85,9000daf7445d4f19aedff7a472052253
86,88eae9d2252545f1975daf92135ac8fb
87,c9269ca64ff14b7b9b7e6ea5b3a9423d
88,381bf19a809343d49242410acf5beaa1
89,00a50b3443334fca88ac33c8f9559b27
90,ee6d952e6d0a423eaced572bcc2dc0a8
91,f27e20853f6847b7b44ba8312e64175f
92,eb89867473bc4de8a9585d4f3ea3aeb2
93,fa382dc17e19490d82642c8a16ad66cc
94,dd4b2bf2c80f4625855ad29dd073d199
95,0e9953df9fab4613a8f6f3617929d848
96,70ace18d412a4234906634487b54a1ce
97,32bff7dec13f43428270ec6cb08762ca
98,b2af9bd104564fc0b65616714dfb0f26
99,e75cabad7f094dc8b217cbef9ad8914f
100,d139b266f5df4e218c72aad79dd7576a
101,58e4886718904e5995a5aaa2294d3874
102,61e8034baf714131869af81c18902679
103,40da6228a6854456b4b0731c3176760f
104,562c6f964d244d1b88d338552636df6d
105,97df7a70d18f41a39063b3c6eaf09a67
106,50a30a52c228476f8103b54816d0cb19
107,d3c442aa797c430597d7a3a9d48ec079
108,56c9fc2660a54867aeb64361954bf461
109,7232e9f55dad43a78979b40669469fdf
110,94769cff87074ccbaba2a61e95ff4782
111,546d45d4bc2747b09b63d398260e6fc7
112,c2a3d83681e142cab32def41230ef2d9
113,01b91fe19109484ca4ae34a940eeaeb8
114,dbd67d1d02a1490ca6c8bd7212c8379d
115,58b57f80eeb1401ab5d75561d4d7008f
116,cb038bbcb3db44f18bd78be785d301ca
117,0648125560da4b0fb515d7b0099eee6e
118,ad42f16723b1420ab9b350db0bb20790
119,01cfd711a25140a7b901231f207b843a
120,9ba7801b0695480b802047fecda355e5
121,52d005fcab944315bf5b9d2ad92ae751
122,9ff38303b90343d2b888166c7b48956b
123,ac041450cdc44b4f8b4eeed86c625461
124,fc985b6d716d474b931e8547de11c6bf
125,2927569290ed43beaebdb28418cfd632
126,169c74da569b40b384bf29cb67881327
127,3bf2aeb3ac3a462abca543c4f52fd344
128,fcd43f03c828462cb452718a57f3810e
129,b6e305f71049487697bdf2ae8602d78a
130,5ced3c846e584bcb89cf3b36afaf1917
131,07d8221bf3f84e779b7021fb9e08b087
132,e138db994d804175acde4b26818da835
133,ada4cd97f88f4a829411af14cbd2416b
134,c4055d810ad649fe8e7b0d64b2ffb528
135,2bac95cab7c741eb9dabd0888089dd2f
136,87b80b347c5c484abb99127722220049
137,c3a0b5c435884b00bc94701c0ab9b787
138,b4c1691dcd6e451e801b22b9ff132cbc
139,85d6a386ef164eeb8e6e7f98e49a9089
140,807bb1c973774f18962f316f1b4abdf3
141,6f9b2d1c4fb3491e81c04d8c657b238d
142,1c6b839063a547758ecc02b7e0e13a14
143,f807e446fac0498bbdd8c33d925e4a63
144,3bf2aeb3ac3a462abca543c4f52fd344
145,f44309f68f934fe79c2f4aa80411c079
146,346f5f38c3604690ba31e6fd26b6ea5d
147,0984d4be6f244d08abf53a43905d66f5
148,c72aa1c62f7447dda5caf1805be0b1b0
149,78736608a28341a1b08843fde5306dea
150,e5a9b9704ff9457182571fa0adb539f7
151,a7db62c9c8ee46e9827db985af0ac305
152,c69fc1f9275c48fcb1c52d6ce9baa6f6
153,d2e45fe5940b4462a19f184d330bf11b
154,cb038bbcb3db44f18bd78be785d301ca
155,c1651967f51f47dda0ea49cd6b369929
156,2a0c55e0c99b4bcfbfd260bd0ea01546
157,7d55bf8a22f54c74a3c5c1263d9c0b72
158,f6e60c4e0f2a444e851ad95913faaf40
159,c044b9f5599e46a4a1f6198377f46789
160,5f6bc1f9bc3745d78579b5010383e13b
161,ac33263ff39f4b4f9ecabcc40d056e98
162,fe50111191844841a05471d188d3c225
163,19c9fb90151a45dc93ef3ba0e09a465e
164,93fec212baa946b6ac5b3c99ee5a840b
165,454ed01320794f0691ba366270aebdf3
166,94769cff87074ccbaba2a61e95ff4782
167,0254299767794fafa95e4653003665ce
168,fab65e81356f4f7c900ce396f25e9548
169,c743d8a60a214fd58349e455dab42c1a
170,ef0bea67e0d8486789a589b6801c0005
171,a32a356c63104588a9f7aae1b0ba7c89
172,20ed29c26f0e47a8a3e937a5e3ce4fc3
173,72441b003be84891beb586962d044c95
174,700bc224f74345ff9725b59ca08e80b5
175,a00ee4a97a444452a246da315c6a8912
176,f0a4c1ddb8de4ddbaef4bcb7a761d808
177,ba6c193f578643929a75ac02e7402960
178,88eae9d2252545f1975daf92135ac8fb
179,ad36c77666d349d0b14ee65cfae8b7a6
180,fedaf2da5f4c4e61bf8adc9a9ca2b01e
181,123435d329a0465ca8cbc3d63404d5b0
182,eb8d939c6607408cbf2a4725634e93f7
183,8c297bd81ebd44389df277bc14909812
184,82bf9e44c63b42e0b5c88a1df576b68d
185,05c11e09706d4183974ce0606ca5f513
186,9253c3fefcce4757997b92034bf16d38
187,166d9b2664064abfac96f1e11e71d69a
188,94e074e58f794124b35b5d7e02314645
189,57aefd53217e40a4b251f3f59a6bae44
190,35110e2e7be2403da7b41688b0afb4f6
191,b05afa25274841e2a8047785006ffeb0
192,955c32fcdbbb40b18bc01bb3561ff9e0
193,dffa3ef7e7f1438eaef09173e96cee1c
194,85d6a386ef164eeb8e6e7f98e49a9089
195,b0ca33bc5b4c45879478115a972b846a
196,47f0aa6977ae45f59efef3f2cb2d6bec
197,57aefd53217e40a4b251f3f59a6bae44
198,be9194d094134ec78045ff5ae7428e46
199,22423d2e8e43415f8ac938f8c1687a39
200,ef4801e1f49e403c9bb6777af443f7b4
201,5fd5c634b97e4706a871cfb4e30edf77
202,13ec3bd069b44b98956d29cb50f064ae
203,952d9850434b4485a20d57b25e83c611
204,8b245cbb918d49dab97e753e2e68ff76
205,69c95636d6264b4ca8e08cff9610b863
206,01b91fe19109484ca4ae34a940eeaeb8
207,278a27fe376b4e78a0abaad020438a81
208,54425e5adb5c4d3ba1a97b0390d874c2
209,b5d82ad325a34a499ea880c337c33079
210,3a9d481e731e42078de39745c323600c
211,792e1c034572468cac999ad3d3b9cf62
212,2404533eb06b4e09a9b1e8ff94b90af8
213,db62cdee2a914df895db89a3ab33ae29
214,fa21b08600d44741924bae7530d68156
215,9a1e24c5b7c24e93aaceacee033cc327
216,596a3efd94b84af3b22ce0a6d838bb6f
217,2dec22d27ed347aeb89829056d330266
218,d6e4a224a62548e2b5f56ff8d21728d9
219,dd4b2bf2c80f4625855ad29dd073d199
220,59bb5c3bfb634fb3abf741c46b9f6149
221,832f718083c243f5ab5d3aef4d1b4d1d
222,9fccfc899b0b4516a34e134c9764a296
223,da1105e7999a4f668a4e8563754e5b9f
224,56abaaf18f144f81b26888d0f077e406
225,3de08e215b914b008ab333e5a2f70ed9
226,c4681ce6d99e41c685bfa9c5cfa18d61
227,c5479925aa51415d85901fa184ba5df1
228,851ec8a5104945cb834e9621e0fb69d9
229,7c6d824d206d4d30bbc0cba755fa0e5a
230,5cec0d92d45145c88a53cbf2e99571b4
231,d8fd8dc2618245c1873feb66e89ea19e
232,73ea30f1887748b8af52d428d175b843
233,257c69031b0248b8b95cca52aa38c313
234,7e8c5392fcd5405888893729294964ac
235,c4681ce6d99e41c685bfa9c5cfa18d61
236,faf3a5deb9b8438390b190c657334cdf
237,3ad4846a96054952b6aacec8f0a62227
238,b82cad344a444ac2924659263eaba1ef
239,e7711cbbf7e44735962ab1454e38d1f3
240,ca91adf5d5554c32bcaa7565ab37e36a
241,89cfa267a0bf4e3e950018dd4faced00
242,562c6f964d244d1b88d338552636df6d
243,2a0c55e0c99b4bcfbfd260bd0ea01546
244,b82cad344a444ac2924659263eaba1ef
245,5c58b10fc69e4b36a8ef48a9b105899e
246,ad12204b23ea4e0daad8c9b4dcceb491
247,94769cff87074ccbaba2a61e95ff4782
248,b0fd5ab0e4cf4664b67201c3ac26cf72
249,3785203195114bcc8b0303525b5f9932
250,ef0bea67e0d8486789a589b6801c0005
251,a1f9c5712ffa4f03a4724462a42035fe
252,d8fd8dc2618245c1873feb66e89ea19e
253,e06c8db25917485fb90b39188042da3d
254,81f7a120570d4d58834ae6b6705cbb4f
255,3ad4846a96054952b6aacec8f0a62227
256,c6b7ffd68f12483ba46549b5100b92a1
257,76c13b3213aa4442a0ac8026101b5b74
258,6bda413113084548b86a1ede26d97c22
259,860f790e7c644fb6b50c5e4113688a8d
260,27c2955e7ca44b6d8d92b64e8ceca2e5
261,c4b51e6a261a427facfd370a26cb9774
262,54105bb24f0f417daaf4e8ce9262af41
263,8e41afb2fa7248bfaa4009456774e87d
264,b7c128793a404d84b80c62b518f07cbd
265,0254299767794fafa95e4653003665ce
